run_id,source_sha,record_type,query_class,query,tier,eligible_hits,limit,warmups_per_variant,samples_per_variant,original_p50_ms,original_p95_ms,original_p99_ms,candidate_p50_ms,candidate_p95_ms,candidate_p99_ms,p95_saved_ms,p95_improvement_percent,original_pass_100ms_pooled_only,candidate_pass_100ms_pooled_only,original_vm_steps,candidate_vm_steps,original_fullscan_steps,candidate_fullscan_steps,original_sort_operations,candidate_sort_operations,original_peak_working_set_mib,candidate_peak_working_set_mib,original_peak_private_mib,candidate_peak_private_mib,original_cpu_pct_one_core,candidate_cpu_pct_one_core,timing_scope
38053163599,75988266957fc8dcfff795130c067febd6369b89,key_only_cte_sql_paired,name_prefix,quarterly,name_prefix,25000,80,5,30,119.915,121.973,132.228,56.246,61.53,63.578,60.443,49.554,,,1151224,627673,0,79,1,1,265.816,265.816,19.18,19.18,101.145,96.593,"statement prepare, full ordered result drain and GlobalSearchResult mapping; excludes pool checkout, remaining tiers and Repository Snapshot"
38053163599,75988266957fc8dcfff795130c067febd6369b89,key_only_cte_sql_paired,common_prefix_high_fanout,IMG_,name_prefix,24999,80,5,30,127.501,133.493,137.235,57.685,61.097,64.526,72.396,54.232,,,1151178,627648,0,79,1,1,265.906,265.906,19.18,19.18,99.545,98.708,"statement prepare, full ordered result drain and GlobalSearchResult mapping; excludes pool checkout, remaining tiers and Repository Snapshot"
38053163599,75988266957fc8dcfff795130c067febd6369b89,key_only_cte_sql_paired,chinese_prefix,数据库,name_prefix,25000,80,5,30,123.985,129.993,132.624,54.979,56.762,60.747,73.231,56.335,,,1151223,627672,0,79,1,1,265.918,265.918,19.18,19.18,100.18,98.969,"statement prepare, full ordered result drain and GlobalSearchResult mapping; excludes pool checkout, remaining tiers and Repository Snapshot"
38053163599,75988266957fc8dcfff795130c067febd6369b89,key_only_cte_sql_paired,punctuation_prefix,final-v2,punctuation_prefix,25000,80,5,30,122.178,139.245,145.283,56.81,79.535,90.492,59.71,42.881,,,1076222,552671,0,79,1,1,265.918,265.918,19.18,19.18,99.089,99.451,"statement prepare, full ordered result drain and GlobalSearchResult mapping; excludes pool checkout, remaining tiers and Repository Snapshot"
38053163599,75988266957fc8dcfff795130c067febd6369b89,key_only_cte_sql_paired,unicode_accented_prefix,RÉSUMÉ,name_prefix,25000,80,5,30,122.215,129.047,131.084,58.636,65.184,70.42,63.863,49.488,,,1151224,627673,0,79,1,1,266.137,266.137,19.441,19.441,98.985,102.176,"statement prepare, full ordered result drain and GlobalSearchResult mapping; excludes pool checkout, remaining tiers and Repository Snapshot"
38053163599,75988266957fc8dcfff795130c067febd6369b89,key_only_cte_sql_paired,extension_prefix,jp,extension_prefix,40629,80,5,30,50.157,55.838,59.922,60.193,64.457,67.528,-8.619,-15.436,,,694237,896751,0,79,1,1,266.152,266.152,19.441,19.441,100.321,97.996,"statement prepare, full ordered result drain and GlobalSearchResult mapping; excludes pool checkout, remaining tiers and Repository Snapshot"
38053163599,75988266957fc8dcfff795130c067febd6369b89,key_only_cte_sql_paired,fts_high_fanout_report,report,fts,25000,80,5,30,192.876,200.263,201.976,134.367,143.553,144.676,56.71,28.318,,,1151221,652670,0,79,1,1,266.594,266.594,19.828,19.828,99.745,99.622,"statement prepare, full ordered result drain and GlobalSearchResult mapping; excludes pool checkout, remaining tiers and Repository Snapshot"
38053163599,75988266957fc8dcfff795130c067febd6369b89,key_only_cte_sql_paired,fts_high_fanout_invoice,invoice,fts,25000,80,5,30,201.31,211.122,212.603,144.433,151.48,155.368,59.642,28.25,,,1151221,652670,0,79,1,1,266.598,266.598,19.828,19.828,99.606,99.113,"statement prepare, full ordered result drain and GlobalSearchResult mapping; excludes pool checkout, remaining tiers and Repository Snapshot"
38053163599,75988266957fc8dcfff795130c067febd6369b89,key_only_cte_sql_paired,fts_low_fanout,0499981,fts,1,80,5,30,1.739,1.755,1.78,1.833,1.861,1.877,-0.106,-6.04,,,82,89,0,0,1,1,266.938,266.938,19.828,19.828,89.945,113.642,"statement prepare, full ordered result drain and GlobalSearchResult mapping; excludes pool checkout, remaining tiers and Repository Snapshot"
38053163599,75988266957fc8dcfff795130c067febd6369b89,key_only_cte_sql_paired,fts_no_result,zzznomatchtoken,fts,0,80,5,30,0.267,0.311,0.336,0.352,0.407,0.421,-0.096,-30.868,,,21,30,0,0,1,1,266.938,266.938,19.828,19.828,188.76,0.0,"statement prepare, full ordered result drain and GlobalSearchResult mapping; excludes pool checkout, remaining tiers and Repository Snapshot"
38053163599,75988266957fc8dcfff795130c067febd6369b89,key_only_cte_pooled_search_paired,exact_basename,Annual Budget 2026.xlsx,,1,80,5,30,1.096,1.154,1.159,1.36,1.396,2.068,-0.242,-20.971,True,True,,,,,,,266.969,266.969,19.828,19.828,95.208,112.793,"pool checkout plus all production search tiers, result de-duplication and page extraction; excludes Snapshot facts"
38053163599,75988266957fc8dcfff795130c067febd6369b89,key_only_cte_repository_snapshot_paired,exact_basename,Annual Budget 2026.xlsx,,1,80,5,30,394.291,430.528,453.63,395.145,432.174,458.269,-1.646,-0.382,,,,,,,,,267.008,267.008,19.828,19.828,99.278,99.676,"pool checkout, read transaction setup, full search, source-health rows, source_revision facts/hash, index status and transaction commit"
38053163599,75988266957fc8dcfff795130c067febd6369b89,key_only_cte_pooled_search_paired,name_prefix,quarterly,,25000,80,5,30,203.46,212.698,214.107,136.529,146.222,147.162,66.476,31.254,False,False,,,,,,,267.0,267.0,19.828,19.828,100.026,99.49,"pool checkout plus all production search tiers, result de-duplication and page extraction; excludes Snapshot facts"
38053163599,75988266957fc8dcfff795130c067febd6369b89,key_only_cte_repository_snapshot_paired,name_prefix,quarterly,,25000,80,5,30,597.381,608.007,608.747,533.085,543.506,544.051,64.501,10.609,,,,,,,,,262.746,262.746,19.828,19.828,98.888,99.177,"pool checkout, read transaction setup, full search, source-health rows, source_revision facts/hash, index status and transaction commit"
38053163599,75988266957fc8dcfff795130c067febd6369b89,key_only_cte_pooled_search_paired,common_prefix_high_fanout,IMG_,,24999,80,5,30,205.038,225.139,235.742,133.326,139.944,140.243,85.195,37.841,False,False,,,,,,,256.066,256.066,19.828,19.828,99.935,98.583,"pool checkout plus all production search tiers, result de-duplication and page extraction; excludes Snapshot facts"
38053163599,75988266957fc8dcfff795130c067febd6369b89,key_only_cte_repository_snapshot_paired,common_prefix_high_fanout,IMG_,,24999,80,5,30,604.474,622.332,625.533,532.518,548.512,555.438,73.82,11.862,,,,,,,,,253.332,253.266,19.828,19.828,98.809,99.583,"pool checkout, read transaction setup, full search, source-health rows, source_revision facts/hash, index status and transaction commit"
38053163599,75988266957fc8dcfff795130c067febd6369b89,key_only_cte_pooled_search_paired,fts_substring_report,report,,25000,80,5,30,297.01,310.199,316.327,228.762,252.519,259.571,57.68,18.595,False,False,,,,,,,247.059,245.637,20.086,20.086,99.641,98.538,"pool checkout plus all production search tiers, result de-duplication and page extraction; excludes Snapshot facts"
38053163599,75988266957fc8dcfff795130c067febd6369b89,key_only_cte_repository_snapshot_paired,fts_substring_report,report,,25000,80,5,30,688.437,701.702,703.933,626.458,646.315,704.298,55.387,7.893,,,,,,,,,218.762,217.48,20.086,20.086,99.203,99.303,"pool checkout, read transaction setup, full search, source-health rows, source_revision facts/hash, index status and transaction commit"
38053163599,75988266957fc8dcfff795130c067febd6369b89,key_only_cte_pooled_search_paired,fts_substring_invoice,invoice,,25000,80,5,30,301.432,313.725,316.464,239.466,246.709,248.108,67.016,21.361,False,False,,,,,,,144.91,144.91,20.086,20.086,99.537,99.097,"pool checkout plus all production search tiers, result de-duplication and page extraction; excludes Snapshot facts"
38053163599,75988266957fc8dcfff795130c067febd6369b89,key_only_cte_repository_snapshot_paired,fts_substring_invoice,invoice,,25000,80,5,30,702.997,717.468,724.576,639.402,653.881,657.607,63.587,8.863,,,,,,,,,125.492,124.234,20.086,20.086,99.241,99.588,"pool checkout, read transaction setup, full search, source-health rows, source_revision facts/hash, index status and transaction commit"
38053163599,75988266957fc8dcfff795130c067febd6369b89,key_only_cte_pooled_search_paired,extension_exact,pdf,,90630,80,5,30,1.107,1.297,1.318,1.282,1.446,1.477,-0.149,-11.488,True,True,,,,,,,83.074,83.074,20.086,20.086,92.09,81.85,"pool checkout plus all production search tiers, result de-duplication and page extraction; excludes Snapshot facts"
38053163599,75988266957fc8dcfff795130c067febd6369b89,key_only_cte_repository_snapshot_paired,extension_exact,pdf,,90630,80,5,30,411.633,421.365,422.935,405.948,418.311,421.204,3.054,0.725,,,,,,,,,78.98,78.98,20.086,20.086,98.56,99.809,"pool checkout, read transaction setup, full search, source-health rows, source_revision facts/hash, index status and transaction commit"
38053163599,75988266957fc8dcfff795130c067febd6369b89,key_only_cte_pooled_search_paired,extension_prefix,jp,,40629,80,5,30,135.077,142.225,149.793,146.036,156.034,158.165,-13.809,-9.709,False,False,,,,,,,60.672,60.672,20.086,20.086,98.357,100.265,"pool checkout plus all production search tiers, result de-duplication and page extraction; excludes Snapshot facts"
38053163599,75988266957fc8dcfff795130c067febd6369b89,key_only_cte_repository_snapshot_paired,extension_prefix,jp,,40629,80,5,30,543.996,675.704,689.186,551.182,683.668,690.975,-7.964,-1.179,,,,,,,,,54.059,54.004,20.086,20.086,95.425,97.107,"pool checkout, read transaction setup, full search, source-health rows, source_revision facts/hash, index status and transaction commit"
38053163599,75988266957fc8dcfff795130c067febd6369b89,key_only_cte_pooled_search_paired,duplicate_basename,meeting-notes.md,,25000,80,5,30,0.701,1.688,2.248,0.681,1.619,1.959,0.069,4.088,True,True,,,,,,,42.176,42.176,20.086,20.086,123.701,60.599,"pool checkout plus all production search tiers, result de-duplication and page extraction; excludes Snapshot facts"
38053163599,75988266957fc8dcfff795130c067febd6369b89,key_only_cte_repository_snapshot_paired,duplicate_basename,meeting-notes.md,,25000,80,5,30,412.499,500.277,509.342,414.308,479.1,527.876,21.177,4.233,,,,,,,,,41.863,41.863,20.117,20.117,97.153,97.883,"pool checkout, read transaction setup, full search, source-health rows, source_revision facts/hash, index status and transaction commit"
38053163599,75988266957fc8dcfff795130c067febd6369b89,key_only_cte_pooled_search_paired,no_result,zzznomatchtoken,,0,80,5,30,1.169,2.551,2.849,1.472,3.061,3.294,-0.51,-19.992,True,True,,,,,,,32.387,32.387,20.117,20.117,38.306,124.248,"pool checkout plus all production search tiers, result de-duplication and page extraction; excludes Snapshot facts"
38053163599,75988266957fc8dcfff795130c067febd6369b89,key_only_cte_repository_snapshot_paired,no_result,zzznomatchtoken,,0,80,5,30,410.804,418.776,419.914,407.189,414.761,416.303,4.015,0.959,,,,,,,,,30.773,30.457,20.117,20.117,99.265,99.557,"pool checkout, read transaction setup, full search, source-health rows, source_revision facts/hash, index status and transaction commit"
38053163599,75988266957fc8dcfff795130c067febd6369b89,key_only_cte_pooled_search_paired,chinese_prefix,数据库,,25000,80,5,30,215.081,244.561,254.926,141.523,159.75,166.101,84.811,34.679,False,False,,,,,,,23.246,23.246,20.117,20.117,100.308,98.677,"pool checkout plus all production search tiers, result de-duplication and page extraction; excludes Snapshot facts"
38053163599,75988266957fc8dcfff795130c067febd6369b89,key_only_cte_repository_snapshot_paired,chinese_prefix,数据库,,25000,80,5,30,648.184,684.383,714.419,570.256,599.607,601.078,84.776,12.387,,,,,,,,,20.082,20.02,20.117,20.117,98.945,98.986,"pool checkout, read transaction setup, full search, source-health rows, source_revision facts/hash, index status and transaction commit"
38053163599,75988266957fc8dcfff795130c067febd6369b89,key_only_cte_pooled_search_paired,punctuation_prefix,final-v2,,25000,80,5,30,217.767,239.515,245.798,147.58,162.823,172.047,76.692,32.02,False,False,,,,,,,16.227,16.227,20.117,20.117,98.853,99.256,"pool checkout plus all production search tiers, result de-duplication and page extraction; excludes Snapshot facts"
38053163599,75988266957fc8dcfff795130c067febd6369b89,key_only_cte_repository_snapshot_paired,punctuation_prefix,final-v2,,25000,80,5,30,648.701,699.802,778.404,581.188,696.816,765.542,2.986,0.427,,,,,,,,,16.25,16.25,20.117,20.117,99.314,99.631,"pool checkout, read transaction setup, full search, source-health rows, source_revision facts/hash, index status and transaction commit"
38053163599,75988266957fc8dcfff795130c067febd6369b89,key_only_cte_pooled_search_paired,unicode_accented_prefix,RÉSUMÉ,,25000,80,5,30,217.32,236.085,238.333,149.765,170.5,179.669,65.585,27.78,False,False,,,,,,,16.281,16.281,20.117,20.117,98.866,98.597,"pool checkout plus all production search tiers, result de-duplication and page extraction; excludes Snapshot facts"
38053163599,75988266957fc8dcfff795130c067febd6369b89,key_only_cte_repository_snapshot_paired,unicode_accented_prefix,RÉSUMÉ,,25000,80,5,30,658.71,690.35,699.927,586.239,612.034,652.066,78.316,11.344,,,,,,,,,16.297,16.297,20.117,20.117,99.385,99.359,"pool checkout, read transaction setup, full search, source-health rows, source_revision facts/hash, index status and transaction commit"
38053163599,75988266957fc8dcfff795130c067febd6369b89,key_only_cte_sql_paired,hit_scale_0,issue360-no-hit,name_prefix,0,80,5,30,0.203,0.257,0.26,0.278,0.34,0.4,-0.083,-32.296,,,22,31,0,0,1,1,333.004,333.004,24.41,24.41,247.082,180.111,"statement prepare, full ordered result drain and GlobalSearchResult mapping; excludes pool checkout, remaining tiers and Repository Snapshot"
38053163599,75988266957fc8dcfff795130c067febd6369b89,key_only_cte_sql_paired,hit_scale_1,scale1 ,name_prefix,1,80,5,30,0.229,0.275,0.287,0.311,0.377,0.384,-0.102,-37.091,,,85,91,0,0,1,1,333.176,333.176,24.41,24.41,217.943,0.0,"statement prepare, full ordered result drain and GlobalSearchResult mapping; excludes pool checkout, remaining tiers and Repository Snapshot"
38053163599,75988266957fc8dcfff795130c067febd6369b89,key_only_cte_sql_paired,hit_scale_5,scale5 ,name_prefix,5,80,5,30,0.25,0.306,0.329,0.332,0.477,0.523,-0.171,-55.882,,,329,323,0,4,1,1,333.176,333.176,24.41,24.41,200.851,145.692,"statement prepare, full ordered result drain and GlobalSearchResult mapping; excludes pool checkout, remaining tiers and Repository Snapshot"
38053163599,75988266957fc8dcfff795130c067febd6369b89,key_only_cte_sql_paired,hit_scale_100,scale100 ,name_prefix,100,80,5,30,0.846,0.883,0.917,1.07,1.166,1.177,-0.283,-32.05,,,5824,5173,0,79,1,1,333.23,333.23,24.453,24.453,187.761,48.673,"statement prepare, full ordered result drain and GlobalSearchResult mapping; excludes pool checkout, remaining tiers and Repository Snapshot"
38053163599,75988266957fc8dcfff795130c067febd6369b89,key_only_cte_sql_paired,hit_scale_1000,scale1000 ,name_prefix,1000,80,5,30,4.475,4.526,4.538,2.692,2.774,2.78,1.752,38.71,,,47224,27673,0,79,1,1,333.23,333.23,24.453,24.453,104.658,96.467,"statement prepare, full ordered result drain and GlobalSearchResult mapping; excludes pool checkout, remaining tiers and Repository Snapshot"
38053163599,75988266957fc8dcfff795130c067febd6369b89,key_only_cte_sql_paired,hit_scale_4096,scale4096 ,name_prefix,4096,80,5,30,17.29,17.887,18.188,8.774,9.072,9.253,8.815,49.282,,,189640,105073,0,79,1,1,333.23,333.23,24.453,24.453,93.182,112.563,"statement prepare, full ordered result drain and GlobalSearchResult mapping; excludes pool checkout, remaining tiers and Repository Snapshot"
38053163599,75988266957fc8dcfff795130c067febd6369b89,key_only_cte_sql_paired,hit_scale_10000,scale10000 ,name_prefix,10000,80,5,30,42.577,44.572,49.187,20.767,25.061,28.134,19.511,43.774,,,461224,252673,0,79,1,1,334.066,334.066,24.0,24.0,104.45,88.175,"statement prepare, full ordered result drain and GlobalSearchResult mapping; excludes pool checkout, remaining tiers and Repository Snapshot"
38053163599,75988266957fc8dcfff795130c067febd6369b89,key_only_cte_sql_paired,hit_scale_25000,scale25000 ,name_prefix,25000,80,5,30,105.905,113.256,113.757,49.876,54.498,57.694,58.758,51.881,,,1151224,627673,0,79,1,1,333.75,333.75,23.445,23.445,99.102,99.167,"statement prepare, full ordered result drain and GlobalSearchResult mapping; excludes pool checkout, remaining tiers and Repository Snapshot"
38056013822,50c95b42227b479f6ed3f3746d2fce26ad8d3a17,key_only_cte_sql_paired,name_prefix,quarterly,name_prefix,25000,80,5,30,120.904,126.052,128.887,56.869,58.598,59.988,67.454,53.513,,,1151224,627673,0,79,1,1,266.281,266.281,20.199,20.199,98.936,100.393,"statement prepare, full ordered result drain and GlobalSearchResult mapping; excludes pool checkout, remaining tiers and Repository Snapshot"
38056013822,50c95b42227b479f6ed3f3746d2fce26ad8d3a17,key_only_cte_sql_paired,common_prefix_high_fanout,IMG_,name_prefix,24999,80,5,30,127.761,131.91,142.504,58.509,63.9,66.199,68.01,51.558,,,1151178,627648,0,79,1,1,266.41,266.41,20.199,20.199,100.414,98.039,"statement prepare, full ordered result drain and GlobalSearchResult mapping; excludes pool checkout, remaining tiers and Repository Snapshot"
38056013822,50c95b42227b479f6ed3f3746d2fce26ad8d3a17,key_only_cte_sql_paired,chinese_prefix,数据库,name_prefix,25000,80,5,30,121.943,129.039,129.929,55.014,58.4,60.704,70.639,54.742,,,1151223,627672,0,79,1,1,266.414,266.414,20.199,20.199,99.887,100.54,"statement prepare, full ordered result drain and GlobalSearchResult mapping; excludes pool checkout, remaining tiers and Repository Snapshot"
38056013822,50c95b42227b479f6ed3f3746d2fce26ad8d3a17,key_only_cte_sql_paired,punctuation_prefix,final-v2,punctuation_prefix,25000,80,5,30,119.776,127.68,129.706,56.677,59.958,62.352,67.722,53.04,,,1076222,552671,0,79,1,1,266.414,266.414,20.199,20.199,100.499,98.386,"statement prepare, full ordered result drain and GlobalSearchResult mapping; excludes pool checkout, remaining tiers and Repository Snapshot"
38056013822,50c95b42227b479f6ed3f3746d2fce26ad8d3a17,key_only_cte_sql_paired,unicode_accented_prefix,RÉSUMÉ,name_prefix,25000,80,5,30,120.813,129.867,134.831,59.344,62.81,66.024,67.057,51.635,,,1151224,627673,0,79,1,1,262.469,262.469,16.43,16.43,99.121,100.218,"statement prepare, full ordered result drain and GlobalSearchResult mapping; excludes pool checkout, remaining tiers and Repository Snapshot"
38056013822,50c95b42227b479f6ed3f3746d2fce26ad8d3a17,key_only_cte_sql_paired,extension_prefix,jp,extension_prefix,40629,80,5,30,51.149,51.691,51.703,59.862,62.514,63.989,-10.823,-20.938,,,694237,896751,0,79,1,1,262.469,262.469,16.43,16.43,98.684,99.433,"statement prepare, full ordered result drain and GlobalSearchResult mapping; excludes pool checkout, remaining tiers and Repository Snapshot"
38056013822,50c95b42227b479f6ed3f3746d2fce26ad8d3a17,key_only_cte_sql_paired,fts_high_fanout_report,report,fts,25000,80,5,30,193.311,200.301,207.23,134.936,143.964,148.231,56.337,28.126,,,1151221,652670,0,79,1,1,263.273,263.273,17.152,17.152,99.305,98.725,"statement prepare, full ordered result drain and GlobalSearchResult mapping; excludes pool checkout, remaining tiers and Repository Snapshot"
38056013822,50c95b42227b479f6ed3f3746d2fce26ad8d3a17,key_only_cte_sql_paired,fts_high_fanout_invoice,invoice,fts,25000,80,5,30,203.265,210.569,211.454,146.428,150.721,151.853,59.848,28.422,,,1151221,652670,0,79,1,1,263.504,263.504,17.324,17.324,99.798,99.81,"statement prepare, full ordered result drain and GlobalSearchResult mapping; excludes pool checkout, remaining tiers and Repository Snapshot"
38056013822,50c95b42227b479f6ed3f3746d2fce26ad8d3a17,key_only_cte_sql_paired,fts_low_fanout,0499981,fts,1,80,5,30,1.741,1.763,1.783,1.843,1.866,1.969,-0.103,-5.842,,,82,89,0,0,1,1,262.648,262.648,15.547,15.547,89.864,112.841,"statement prepare, full ordered result drain and GlobalSearchResult mapping; excludes pool checkout, remaining tiers and Repository Snapshot"
38056013822,50c95b42227b479f6ed3f3746d2fce26ad8d3a17,key_only_cte_sql_paired,fts_no_result,zzznomatchtoken,fts,0,80,5,30,0.265,0.388,0.469,0.355,0.416,0.421,-0.028,-7.216,,,21,30,0,0,1,1,262.648,262.648,15.547,15.547,181.701,142.903,"statement prepare, full ordered result drain and GlobalSearchResult mapping; excludes pool checkout, remaining tiers and Repository Snapshot"
38056013822,50c95b42227b479f6ed3f3746d2fce26ad8d3a17,key_only_cte_pooled_search_paired,exact_basename,Annual Budget 2026.xlsx,,1,80,5,30,1.064,1.13,1.229,1.339,1.386,1.52,-0.256,-22.655,True,True,,,,,,,263.746,263.746,17.82,17.82,146.361,77.801,"pool checkout plus all production search tiers, result de-duplication and page extraction; excludes Snapshot facts"
38056013822,50c95b42227b479f6ed3f3746d2fce26ad8d3a17,key_only_cte_repository_snapshot_paired,exact_basename,Annual Budget 2026.xlsx,,1,80,5,30,294.013,377.777,446.794,296.091,371.56,414.98,6.217,1.646,,,,,,,,,468.828,468.828,17.945,17.945,99.235,99.96,"pool checkout, read transaction setup, full search, source-health rows, source_revision facts/hash, index status and transaction commit"
38056013822,50c95b42227b479f6ed3f3746d2fce26ad8d3a17,key_only_cte_pooled_search_paired,name_prefix,quarterly,,25000,80,5,30,118.975,125.194,130.782,55.295,60.088,64.996,65.106,52.004,False,True,,,,,,,470.68,470.68,18.203,18.203,99.618,99.837,"pool checkout plus all production search tiers, result de-duplication and page extraction; excludes Snapshot facts"
38056013822,50c95b42227b479f6ed3f3746d2fce26ad8d3a17,key_only_cte_repository_snapshot_paired,name_prefix,quarterly,,25000,80,5,30,421.451,594.458,599.212,354.378,363.741,365.375,230.717,38.811,,,,,,,,,470.688,470.688,18.203,18.203,99.562,98.848,"pool checkout, read transaction setup, full search, source-health rows, source_revision facts/hash, index status and transaction commit"
38056013822,50c95b42227b479f6ed3f3746d2fce26ad8d3a17,key_only_cte_pooled_search_paired,common_prefix_high_fanout,IMG_,,24999,80,5,30,129.599,134.005,135.408,58.953,67.395,69.482,66.61,49.707,False,True,,,,,,,471.094,471.094,18.203,18.203,99.61,100.065,"pool checkout plus all production search tiers, result de-duplication and page extraction; excludes Snapshot facts"
38056013822,50c95b42227b479f6ed3f3746d2fce26ad8d3a17,key_only_cte_repository_snapshot_paired,common_prefix_high_fanout,IMG_,,24999,80,5,30,430.302,593.221,603.033,351.65,370.479,395.789,222.742,37.548,,,,,,,,,461.492,460.723,18.203,18.203,99.257,99.363,"pool checkout, read transaction setup, full search, source-health rows, source_revision facts/hash, index status and transaction commit"
38056013822,50c95b42227b479f6ed3f3746d2fce26ad8d3a17,key_only_cte_pooled_search_paired,fts_substring_report,report,,25000,80,5,30,197.344,208.486,209.871,138.068,144.497,145.771,63.989,30.692,False,False,,,,,,,434.258,434.258,18.957,18.957,99.75,99.838,"pool checkout plus all production search tiers, result de-duplication and page extraction; excludes Snapshot facts"
38056013822,50c95b42227b479f6ed3f3746d2fce26ad8d3a17,key_only_cte_repository_snapshot_paired,fts_substring_report,report,,25000,80,5,30,497.812,591.862,650.651,430.897,469.254,480.694,122.608,20.716,,,,,,,,,378.895,378.895,18.957,18.957,99.536,98.467,"pool checkout, read transaction setup, full search, source-health rows, source_revision facts/hash, index status and transaction commit"
38056013822,50c95b42227b479f6ed3f3746d2fce26ad8d3a17,key_only_cte_pooled_search_paired,fts_substring_invoice,invoice,,25000,80,5,30,204.995,217.426,222.006,147.674,155.503,155.673,61.923,28.48,False,False,,,,,,,359.785,359.785,19.207,19.207,99.003,99.385,"pool checkout plus all production search tiers, result de-duplication and page extraction; excludes Snapshot facts"
38056013822,50c95b42227b479f6ed3f3746d2fce26ad8d3a17,key_only_cte_repository_snapshot_paired,fts_substring_invoice,invoice,,25000,80,5,30,506.534,651.845,670.761,439.973,506.375,544.173,145.47,22.317,,,,,,,,,359.785,359.785,19.207,19.207,99.402,99.615,"pool checkout, read transaction setup, full search, source-health rows, source_revision facts/hash, index status and transaction commit"
38056013822,50c95b42227b479f6ed3f3746d2fce26ad8d3a17,key_only_cte_pooled_search_paired,extension_exact,pdf,,90630,80,5,30,1.091,1.116,1.121,1.196,1.227,1.238,-0.111,-9.946,True,True,,,,,,,331.926,331.926,19.207,19.207,96.219,131.583,"pool checkout plus all production search tiers, result de-duplication and page extraction; excludes Snapshot facts"
38056013822,50c95b42227b479f6ed3f3746d2fce26ad8d3a17,key_only_cte_repository_snapshot_paired,extension_exact,pdf,,90630,80,5,30,298.256,314.996,318.852,297.263,333.35,354.053,-18.354,-5.827,,,,,,,,,322.227,319.023,19.207,19.207,99.324,99.956,"pool checkout, read transaction setup, full search, source-health rows, source_revision facts/hash, index status and transaction commit"
38056013822,50c95b42227b479f6ed3f3746d2fce26ad8d3a17,key_only_cte_pooled_search_paired,extension_prefix,jp,,40629,80,5,30,52.554,53.235,54.473,61.48,70.55,74.122,-17.315,-32.526,True,True,,,,,,,269.062,269.062,19.207,19.207,100.786,100.136,"pool checkout plus all production search tiers, result de-duplication and page extraction; excludes Snapshot facts"
38056013822,50c95b42227b479f6ed3f3746d2fce26ad8d3a17,key_only_cte_repository_snapshot_paired,extension_prefix,jp,,40629,80,5,30,350.272,430.358,502.586,354.488,377.859,455.196,52.499,12.199,,,,,,,,,248.449,248.449,19.207,19.207,99.491,99.491,"pool checkout, read transaction setup, full search, source-health rows, source_revision facts/hash, index status and transaction commit"
38056013822,50c95b42227b479f6ed3f3746d2fce26ad8d3a17,key_only_cte_pooled_search_paired,duplicate_basename,meeting-notes.md,,25000,80,5,30,0.676,0.778,0.799,0.681,0.732,0.766,0.046,5.913,True,True,,,,,,,227.117,227.117,19.207,19.207,75.108,75.469,"pool checkout plus all production search tiers, result de-duplication and page extraction; excludes Snapshot facts"
38056013822,50c95b42227b479f6ed3f3746d2fce26ad8d3a17,key_only_cte_repository_snapshot_paired,duplicate_basename,meeting-notes.md,,25000,80,5,30,295.051,380.816,450.194,295.574,340.814,395.166,40.002,10.504,,,,,,,,,226.969,226.969,19.207,19.207,99.694,99.362,"pool checkout, read transaction setup, full search, source-health rows, source_revision facts/hash, index status and transaction commit"
38056013822,50c95b42227b479f6ed3f3746d2fce26ad8d3a17,key_only_cte_pooled_search_paired,no_result,zzznomatchtoken,,0,80,5,30,1.133,1.165,1.205,1.402,1.439,1.458,-0.274,-23.519,True,True,,,,,,,226.672,226.672,19.461,19.461,93.008,112.131,"pool checkout plus all production search tiers, result de-duplication and page extraction; excludes Snapshot facts"
38056013822,50c95b42227b479f6ed3f3746d2fce26ad8d3a17,key_only_cte_repository_snapshot_paired,no_result,zzznomatchtoken,,0,80,5,30,299.708,420.266,446.036,295.979,341.779,355.957,78.487,18.676,,,,,,,,,226.52,226.52,19.461,19.461,100.413,98.796,"pool checkout, read transaction setup, full search, source-health rows, source_revision facts/hash, index status and transaction commit"
38056013822,50c95b42227b479f6ed3f3746d2fce26ad8d3a17,key_only_cte_pooled_search_paired,chinese_prefix,数据库,,25000,80,5,30,124.748,131.984,136.678,56.598,65.204,66.915,66.78,50.597,False,True,,,,,,,227.461,227.461,19.461,19.461,99.838,101.026,"pool checkout plus all production search tiers, result de-duplication and page extraction; excludes Snapshot facts"
38056013822,50c95b42227b479f6ed3f3746d2fce26ad8d3a17,key_only_cte_repository_snapshot_paired,chinese_prefix,数据库,,25000,80,5,30,420.874,508.88,576.166,354.674,445.774,470.639,63.106,12.401,,,,,,,,,226.98,226.98,19.461,19.461,99.151,99.561,"pool checkout, read transaction setup, full search, source-health rows, source_revision facts/hash, index status and transaction commit"
38056013822,50c95b42227b479f6ed3f3746d2fce26ad8d3a17,key_only_cte_pooled_search_paired,punctuation_prefix,final-v2,,25000,80,5,30,123.192,129.054,130.467,59.8,64.162,64.407,64.892,50.283,False,True,,,,,,,227.16,227.16,19.461,19.461,99.265,99.157,"pool checkout plus all production search tiers, result de-duplication and page extraction; excludes Snapshot facts"
38056013822,50c95b42227b479f6ed3f3746d2fce26ad8d3a17,key_only_cte_repository_snapshot_paired,punctuation_prefix,final-v2,,25000,80,5,30,422.085,439.419,465.509,355.578,433.224,475.713,6.195,1.41,,,,,,,,,226.395,226.348,19.461,19.461,99.238,99.091,"pool checkout, read transaction setup, full search, source-health rows, source_revision facts/hash, index status and transaction commit"
38056013822,50c95b42227b479f6ed3f3746d2fce26ad8d3a17,key_only_cte_pooled_search_paired,unicode_accented_prefix,RÉSUMÉ,,25000,80,5,30,122.982,136.302,140.127,59.599,60.399,61.29,75.903,55.687,False,True,,,,,,,225.555,225.555,19.461,19.461,99.374,96.894,"pool checkout plus all production search tiers, result de-duplication and page extraction; excludes Snapshot facts"
38056013822,50c95b42227b479f6ed3f3746d2fce26ad8d3a17,key_only_cte_repository_snapshot_paired,unicode_accented_prefix,RÉSUMÉ,,25000,80,5,30,422.467,446.804,546.247,354.731,371.228,376.806,75.576,16.915,,,,,,,,,224.234,224.09,19.461,19.461,99.224,99.408,"pool checkout, read transaction setup, full search, source-health rows, source_revision facts/hash, index status and transaction commit"
38056013822,50c95b42227b479f6ed3f3746d2fce26ad8d3a17,key_only_cte_sql_paired,hit_scale_0,issue360-no-hit,name_prefix,0,80,5,30,0.184,0.192,0.194,0.268,0.335,0.34,-0.143,-74.479,,,22,31,0,0,1,1,548.516,548.516,22.977,22.977,0.0,186.254,"statement prepare, full ordered result drain and GlobalSearchResult mapping; excludes pool checkout, remaining tiers and Repository Snapshot"
38056013822,50c95b42227b479f6ed3f3746d2fce26ad8d3a17,key_only_cte_sql_paired,hit_scale_1,scale1 ,name_prefix,1,80,5,30,0.207,0.272,0.364,0.287,0.358,0.373,-0.086,-31.618,,,85,91,0,0,1,1,548.684,548.684,22.977,22.977,235.1,0.0,"statement prepare, full ordered result drain and GlobalSearchResult mapping; excludes pool checkout, remaining tiers and Repository Snapshot"
38056013822,50c95b42227b479f6ed3f3746d2fce26ad8d3a17,key_only_cte_sql_paired,hit_scale_5,scale5 ,name_prefix,5,80,5,30,0.231,0.283,0.292,0.316,0.379,0.38,-0.096,-33.922,,,329,323,0,4,1,1,548.688,548.688,22.977,22.977,218.629,0.0,"statement prepare, full ordered result drain and GlobalSearchResult mapping; excludes pool checkout, remaining tiers and Repository Snapshot"
38056013822,50c95b42227b479f6ed3f3746d2fce26ad8d3a17,key_only_cte_sql_paired,hit_scale_100,scale100 ,name_prefix,100,80,5,30,0.775,0.812,0.82,0.844,0.9,0.912,-0.088,-10.837,,,5824,5173,0,79,1,1,548.711,548.711,23.035,23.035,134.076,61.189,"statement prepare, full ordered result drain and GlobalSearchResult mapping; excludes pool checkout, remaining tiers and Repository Snapshot"
38056013822,50c95b42227b479f6ed3f3746d2fce26ad8d3a17,key_only_cte_sql_paired,hit_scale_1000,scale1000 ,name_prefix,1000,80,5,30,4.103,4.287,5.576,2.254,2.411,2.484,1.876,43.76,,,47224,27673,0,79,1,1,548.711,548.711,23.035,23.035,86.986,137.516,"statement prepare, full ordered result drain and GlobalSearchResult mapping; excludes pool checkout, remaining tiers and Repository Snapshot"
38056013822,50c95b42227b479f6ed3f3746d2fce26ad8d3a17,key_only_cte_sql_paired,hit_scale_4096,scale4096 ,name_prefix,4096,80,5,30,17.371,20.561,21.873,8.664,8.935,12.236,11.626,56.544,,,189640,105073,0,79,1,1,548.691,548.691,23.035,23.035,102.036,94.296,"statement prepare, full ordered result drain and GlobalSearchResult mapping; excludes pool checkout, remaining tiers and Repository Snapshot"
38056013822,50c95b42227b479f6ed3f3746d2fce26ad8d3a17,key_only_cte_sql_paired,hit_scale_10000,scale10000 ,name_prefix,10000,80,5,30,42.692,46.818,49.816,20.595,21.244,25.835,25.574,54.624,,,461224,252673,0,79,1,1,547.992,547.992,21.375,21.375,101.282,94.619,"statement prepare, full ordered result drain and GlobalSearchResult mapping; excludes pool checkout, remaining tiers and Repository Snapshot"
38056013822,50c95b42227b479f6ed3f3746d2fce26ad8d3a17,key_only_cte_sql_paired,hit_scale_25000,scale25000 ,name_prefix,25000,80,5,30,105.163,106.819,107.306,49.9,58.586,61.103,48.233,45.154,,,1151224,627673,0,79,1,1,547.84,547.84,21.5,21.5,99.865,100.199,"statement prepare, full ordered result drain and GlobalSearchResult mapping; excludes pool checkout, remaining tiers and Repository Snapshot"
38059974375,bbd53469fd2b0cbbbabcd82dffde0dbfdb220b3e,key_only_cte_sql_paired,name_prefix,quarterly,name_prefix,25000,80,5,30,119.154,129.568,132.45,54.979,57.504,59.349,72.064,55.619,,,1151224,627673,0,79,1,1,264.367,264.367,20.68,20.68,99.395,97.577,"statement prepare, full ordered result drain and GlobalSearchResult mapping; excludes pool checkout, remaining tiers and Repository Snapshot"
38059974375,bbd53469fd2b0cbbbabcd82dffde0dbfdb220b3e,key_only_cte_sql_paired,common_prefix_high_fanout,IMG_,name_prefix,24999,80,5,30,127.757,132.995,134.075,57.917,60.243,63.607,72.752,54.703,,,1151178,627648,0,79,1,1,264.496,264.496,20.68,20.68,98.936,102.167,"statement prepare, full ordered result drain and GlobalSearchResult mapping; excludes pool checkout, remaining tiers and Repository Snapshot"
38059974375,bbd53469fd2b0cbbbabcd82dffde0dbfdb220b3e,key_only_cte_sql_paired,chinese_prefix,数据库,name_prefix,25000,80,5,30,121.377,126.839,133.762,53.992,56.288,59.478,70.551,55.622,,,1151223,627672,0,79,1,1,264.504,264.504,20.68,20.68,99.438,98.852,"statement prepare, full ordered result drain and GlobalSearchResult mapping; excludes pool checkout, remaining tiers and Repository Snapshot"
38059974375,bbd53469fd2b0cbbbabcd82dffde0dbfdb220b3e,key_only_cte_sql_paired,punctuation_prefix,final-v2,punctuation_prefix,25000,80,5,30,120.222,129.333,131.802,56.194,62.689,68.171,66.644,51.529,,,1076222,552671,0,79,1,1,264.504,264.504,20.68,20.68,100.427,98.401,"statement prepare, full ordered result drain and GlobalSearchResult mapping; excludes pool checkout, remaining tiers and Repository Snapshot"
38059974375,bbd53469fd2b0cbbbabcd82dffde0dbfdb220b3e,key_only_cte_sql_paired,unicode_accented_prefix,RÉSUMÉ,name_prefix,25000,80,5,30,121.661,134.222,142.019,59.223,64.861,71.571,69.361,51.676,,,1151224,627673,0,79,1,1,264.504,264.504,20.68,20.68,100.09,95.44,"statement prepare, full ordered result drain and GlobalSearchResult mapping; excludes pool checkout, remaining tiers and Repository Snapshot"
38059974375,bbd53469fd2b0cbbbabcd82dffde0dbfdb220b3e,key_only_cte_sql_paired,extension_prefix,jp,extension_prefix,40629,80,5,30,47.431,55.979,59.294,56.039,68.905,75.863,-12.926,-23.091,,,694237,896751,0,79,1,1,264.527,264.527,20.68,20.68,98.777,100.958,"statement prepare, full ordered result drain and GlobalSearchResult mapping; excludes pool checkout, remaining tiers and Repository Snapshot"
38059974375,bbd53469fd2b0cbbbabcd82dffde0dbfdb220b3e,key_only_cte_sql_paired,fts_high_fanout_report,report,fts,25000,80,5,30,194.627,207.363,208.087,135.295,142.926,145.281,64.437,31.074,,,1151221,652670,0,79,1,1,265.18,265.18,21.324,21.324,100.546,97.441,"statement prepare, full ordered result drain and GlobalSearchResult mapping; excludes pool checkout, remaining tiers and Repository Snapshot"
38059974375,bbd53469fd2b0cbbbabcd82dffde0dbfdb220b3e,key_only_cte_sql_paired,fts_high_fanout_invoice,invoice,fts,25000,80,5,30,203.198,216.373,219.455,146.471,153.714,155.166,62.659,28.959,,,1151221,652670,0,79,1,1,265.348,265.348,21.441,21.441,98.701,100.008,"statement prepare, full ordered result drain and GlobalSearchResult mapping; excludes pool checkout, remaining tiers and Repository Snapshot"
38059974375,bbd53469fd2b0cbbbabcd82dffde0dbfdb220b3e,key_only_cte_sql_paired,fts_low_fanout,0499981,fts,1,80,5,30,1.747,1.777,1.885,1.846,1.902,1.922,-0.125,-7.034,,,82,89,0,0,1,1,265.688,265.688,21.441,21.441,148.625,56.438,"statement prepare, full ordered result drain and GlobalSearchResult mapping; excludes pool checkout, remaining tiers and Repository Snapshot"
38059974375,bbd53469fd2b0cbbbabcd82dffde0dbfdb220b3e,key_only_cte_sql_paired,fts_no_result,zzznomatchtoken,fts,0,80,5,30,0.273,0.325,0.339,0.365,0.435,0.46,-0.11,-33.846,,,21,30,0,0,1,1,265.688,265.688,21.441,21.441,0.0,273.236,"statement prepare, full ordered result drain and GlobalSearchResult mapping; excludes pool checkout, remaining tiers and Repository Snapshot"
38059974375,bbd53469fd2b0cbbbabcd82dffde0dbfdb220b3e,key_only_cte_pooled_search_paired,exact_basename,Annual Budget 2026.xlsx,,1,80,5,30,1.112,1.584,1.671,1.407,2.006,2.027,-0.422,-26.641,True,True,,,,,,,265.715,265.715,21.441,21.441,88.167,105.047,"pool checkout plus all production search tiers, result de-duplication and page extraction; excludes Snapshot facts"
38059974375,bbd53469fd2b0cbbbabcd82dffde0dbfdb220b3e,key_only_cte_repository_snapshot_paired,exact_basename,Annual Budget 2026.xlsx,,1,80,5,30,400.066,406.698,407.502,399.747,408.309,410.97,-1.611,-0.396,,,,,,,,,265.773,265.773,21.441,21.441,99.101,99.431,"pool checkout, read transaction setup, full search, source-health rows, source_revision facts/hash, index status and transaction commit"
38059974375,bbd53469fd2b0cbbbabcd82dffde0dbfdb220b3e,key_only_cte_pooled_search_paired,name_prefix,quarterly,,25000,80,5,30,206.361,214.566,215.866,136.867,140.654,142.161,73.912,34.447,False,False,,,,,,,265.777,265.777,21.441,21.441,99.447,99.964,"pool checkout plus all production search tiers, result de-duplication and page extraction; excludes Snapshot facts"
38059974375,bbd53469fd2b0cbbbabcd82dffde0dbfdb220b3e,key_only_cte_repository_snapshot_paired,name_prefix,quarterly,,25000,80,5,30,618.659,640.681,667.051,546.398,556.857,557.413,83.824,13.084,,,,,,,,,259.23,259.207,21.441,21.441,99.027,99.087,"pool checkout, read transaction setup, full search, source-health rows, source_revision facts/hash, index status and transaction commit"
38059974375,bbd53469fd2b0cbbbabcd82dffde0dbfdb220b3e,key_only_cte_pooled_search_paired,common_prefix_high_fanout,IMG_,,24999,80,5,30,216.632,223.417,226.112,139.824,148.071,151.407,75.346,33.724,False,False,,,,,,,246.918,246.918,21.441,21.441,98.967,99.667,"pool checkout plus all production search tiers, result de-duplication and page extraction; excludes Snapshot facts"
38059974375,bbd53469fd2b0cbbbabcd82dffde0dbfdb220b3e,key_only_cte_repository_snapshot_paired,common_prefix_high_fanout,IMG_,,24999,80,5,30,630.583,638.711,647.824,552.37,566.885,575.082,71.826,11.245,,,,,,,,,227.645,226.324,21.441,21.441,99.731,98.971,"pool checkout, read transaction setup, full search, source-health rows, source_revision facts/hash, index status and transaction commit"
38059974375,bbd53469fd2b0cbbbabcd82dffde0dbfdb220b3e,key_only_cte_pooled_search_paired,fts_substring_report,report,,25000,80,5,30,304.852,313.249,314.094,239.208,257.652,261.357,55.597,17.749,False,False,,,,,,,192.043,191.855,21.57,21.57,98.745,99.325,"pool checkout plus all production search tiers, result de-duplication and page extraction; excludes Snapshot facts"
38059974375,bbd53469fd2b0cbbbabcd82dffde0dbfdb220b3e,key_only_cte_repository_snapshot_paired,fts_substring_report,report,,25000,80,5,30,713.696,755.268,764.255,649.788,695.086,739.91,60.182,7.968,,,,,,,,,172.789,171.066,21.57,21.57,98.913,99.304,"pool checkout, read transaction setup, full search, source-health rows, source_revision facts/hash, index status and transaction commit"
38059974375,bbd53469fd2b0cbbbabcd82dffde0dbfdb220b3e,key_only_cte_pooled_search_paired,fts_substring_invoice,invoice,,25000,80,5,30,311.573,324.589,325.439,248.324,255.826,257.583,68.763,21.185,False,False,,,,,,,120.477,120.238,21.57,21.57,99.763,99.596,"pool checkout plus all production search tiers, result de-duplication and page extraction; excludes Snapshot facts"
38059974375,bbd53469fd2b0cbbbabcd82dffde0dbfdb220b3e,key_only_cte_repository_snapshot_paired,fts_substring_invoice,invoice,,25000,80,5,30,724.377,743.993,747.673,654.041,665.416,667.235,78.577,10.562,,,,,,,,,98.992,98.992,21.57,21.57,99.315,99.433,"pool checkout, read transaction setup, full search, source-health rows, source_revision facts/hash, index status and transaction commit"
38059974375,bbd53469fd2b0cbbbabcd82dffde0dbfdb220b3e,key_only_cte_pooled_search_paired,extension_exact,pdf,,90630,80,5,30,1.101,1.554,1.622,1.208,1.591,1.63,-0.037,-2.381,True,True,,,,,,,66.605,66.605,21.57,21.57,88.824,122.05,"pool checkout plus all production search tiers, result de-duplication and page extraction; excludes Snapshot facts"
38059974375,bbd53469fd2b0cbbbabcd82dffde0dbfdb220b3e,key_only_cte_repository_snapshot_paired,extension_exact,pdf,,90630,80,5,30,420.5,441.712,460.497,419.54,434.901,439.475,6.811,1.542,,,,,,,,,63.363,62.723,21.57,21.57,99.764,99.257,"pool checkout, read transaction setup, full search, source-health rows, source_revision facts/hash, index status and transaction commit"
38059974375,bbd53469fd2b0cbbbabcd82dffde0dbfdb220b3e,key_only_cte_pooled_search_paired,extension_prefix,jp,,40629,80,5,30,137.366,146.454,151.166,147.492,156.152,164.426,-9.698,-6.622,False,False,,,,,,,50.266,50.266,21.57,21.57,98.535,99.165,"pool checkout plus all production search tiers, result de-duplication and page extraction; excludes Snapshot facts"
38059974375,bbd53469fd2b0cbbbabcd82dffde0dbfdb220b3e,key_only_cte_repository_snapshot_paired,extension_prefix,jp,,40629,80,5,30,553.487,677.876,694.833,562.951,695.557,722.961,-17.681,-2.608,,,,,,,,,44.438,44.438,21.57,21.57,96.856,97.686,"pool checkout, read transaction setup, full search, source-health rows, source_revision facts/hash, index status and transaction commit"
38059974375,bbd53469fd2b0cbbbabcd82dffde0dbfdb220b3e,key_only_cte_pooled_search_paired,duplicate_basename,meeting-notes.md,,25000,80,5,30,0.664,0.716,0.725,0.671,0.72,0.726,-0.004,-0.559,True,True,,,,,,,35.215,35.215,21.57,21.57,77.413,76.64,"pool checkout plus all production search tiers, result de-duplication and page extraction; excludes Snapshot facts"
38059974375,bbd53469fd2b0cbbbabcd82dffde0dbfdb220b3e,key_only_cte_repository_snapshot_paired,duplicate_basename,meeting-notes.md,,25000,80,5,30,423.188,508.197,538.002,426.497,517.15,529.281,-8.953,-1.762,,,,,,,,,33.449,33.102,21.57,21.57,97.161,94.511,"pool checkout, read transaction setup, full search, source-health rows, source_revision facts/hash, index status and transaction commit"
38059974375,bbd53469fd2b0cbbbabcd82dffde0dbfdb220b3e,key_only_cte_pooled_search_paired,no_result,zzznomatchtoken,,0,80,5,30,1.137,1.317,1.445,1.404,1.656,1.924,-0.339,-25.74,True,True,,,,,,,25.293,25.293,21.57,21.57,226.939,0.0,"pool checkout plus all production search tiers, result de-duplication and page extraction; excludes Snapshot facts"
38059974375,bbd53469fd2b0cbbbabcd82dffde0dbfdb220b3e,key_only_cte_repository_snapshot_paired,no_result,zzznomatchtoken,,0,80,5,30,424.675,489.534,523.046,427.503,503.362,505.141,-13.828,-2.825,,,,,,,,,24.008,24.008,21.57,21.57,97.698,96.465,"pool checkout, read transaction setup, full search, source-health rows, source_revision facts/hash, index status and transaction commit"
38059974375,bbd53469fd2b0cbbbabcd82dffde0dbfdb220b3e,key_only_cte_pooled_search_paired,chinese_prefix,数据库,,25000,80,5,30,217.663,225.134,229.193,144.065,150.918,151.386,74.216,32.965,False,False,,,,,,,17.871,17.684,21.57,21.57,100.077,99.072,"pool checkout plus all production search tiers, result de-duplication and page extraction; excludes Snapshot facts"
38059974375,bbd53469fd2b0cbbbabcd82dffde0dbfdb220b3e,key_only_cte_repository_snapshot_paired,chinese_prefix,数据库,,25000,80,5,30,643.071,699.074,711.794,572.986,608.827,623.017,90.247,12.91,,,,,,,,,16.246,16.246,21.57,21.57,98.931,99.446,"pool checkout, read transaction setup, full search, source-health rows, source_revision facts/hash, index status and transaction commit"
38059974375,bbd53469fd2b0cbbbabcd82dffde0dbfdb220b3e,key_only_cte_pooled_search_paired,punctuation_prefix,final-v2,,25000,80,5,30,233.252,249.729,257.677,156.186,169.058,176.076,80.671,32.303,False,False,,,,,,,16.246,16.246,21.57,21.57,98.678,98.552,"pool checkout plus all production search tiers, result de-duplication and page extraction; excludes Snapshot facts"
38059974375,bbd53469fd2b0cbbbabcd82dffde0dbfdb220b3e,key_only_cte_repository_snapshot_paired,punctuation_prefix,final-v2,,25000,80,5,30,641.753,668.961,691.0,571.461,607.82,615.4,61.141,9.14,,,,,,,,,16.246,16.246,21.57,21.57,99.54,99.451,"pool checkout, read transaction setup, full search, source-health rows, source_revision facts/hash, index status and transaction commit"
38059974375,bbd53469fd2b0cbbbabcd82dffde0dbfdb220b3e,key_only_cte_pooled_search_paired,unicode_accented_prefix,RÉSUMÉ,,25000,80,5,30,213.369,222.874,225.788,145.712,152.361,155.025,70.513,31.638,False,False,,,,,,,16.246,16.246,21.57,21.57,98.909,100.565,"pool checkout plus all production search tiers, result de-duplication and page extraction; excludes Snapshot facts"
38059974375,bbd53469fd2b0cbbbabcd82dffde0dbfdb220b3e,key_only_cte_repository_snapshot_paired,unicode_accented_prefix,RÉSUMÉ,,25000,80,5,30,649.184,719.24,735.614,586.936,620.993,641.777,98.247,13.66,,,,,,,,,16.285,16.285,21.57,21.57,99.316,99.22,"pool checkout, read transaction setup, full search, source-health rows, source_revision facts/hash, index status and transaction commit"
38059974375,bbd53469fd2b0cbbbabcd82dffde0dbfdb220b3e,key_only_cte_sql_paired,hit_scale_0,issue360-no-hit,name_prefix,0,80,5,30,0.202,0.232,0.271,0.279,0.339,0.342,-0.107,-46.121,,,22,31,0,0,1,1,332.906,332.906,25.055,25.055,0.0,178.388,"statement prepare, full ordered result drain and GlobalSearchResult mapping; excludes pool checkout, remaining tiers and Repository Snapshot"
38059974375,bbd53469fd2b0cbbbabcd82dffde0dbfdb220b3e,key_only_cte_sql_paired,hit_scale_1,scale1 ,name_prefix,1,80,5,30,0.206,0.234,0.269,0.285,0.356,0.378,-0.122,-52.137,,,85,91,0,0,1,1,333.188,333.188,25.055,25.055,0.0,174.163,"statement prepare, full ordered result drain and GlobalSearchResult mapping; excludes pool checkout, remaining tiers and Repository Snapshot"
38059974375,bbd53469fd2b0cbbbabcd82dffde0dbfdb220b3e,key_only_cte_sql_paired,hit_scale_5,scale5 ,name_prefix,5,80,5,30,0.362,0.4,0.454,0.498,0.546,0.66,-0.146,-36.5,,,329,323,0,4,1,1,333.188,333.188,25.055,25.055,141.048,101.462,"statement prepare, full ordered result drain and GlobalSearchResult mapping; excludes pool checkout, remaining tiers and Repository Snapshot"
38059974375,bbd53469fd2b0cbbbabcd82dffde0dbfdb220b3e,key_only_cte_sql_paired,hit_scale_100,scale100 ,name_prefix,100,80,5,30,0.779,0.85,0.908,0.842,0.915,0.959,-0.065,-7.647,,,5824,5173,0,79,1,1,333.191,333.191,25.055,25.055,131.619,60.763,"statement prepare, full ordered result drain and GlobalSearchResult mapping; excludes pool checkout, remaining tiers and Repository Snapshot"
38059974375,bbd53469fd2b0cbbbabcd82dffde0dbfdb220b3e,key_only_cte_sql_paired,hit_scale_1000,scale1000 ,name_prefix,1000,80,5,30,4.443,4.527,4.559,2.505,2.624,2.743,1.903,42.037,,,47224,27673,0,79,1,1,333.191,333.191,25.055,25.055,105.314,103.169,"statement prepare, full ordered result drain and GlobalSearchResult mapping; excludes pool checkout, remaining tiers and Repository Snapshot"
38059974375,bbd53469fd2b0cbbbabcd82dffde0dbfdb220b3e,key_only_cte_sql_paired,hit_scale_4096,scale4096 ,name_prefix,4096,80,5,30,17.329,23.54,27.459,8.412,8.657,11.231,14.883,63.224,,,189640,105073,0,79,1,1,333.191,333.191,25.055,25.055,94.666,97.353,"statement prepare, full ordered result drain and GlobalSearchResult mapping; excludes pool checkout, remaining tiers and Repository Snapshot"
38059974375,bbd53469fd2b0cbbbabcd82dffde0dbfdb220b3e,key_only_cte_sql_paired,hit_scale_10000,scale10000 ,name_prefix,10000,80,5,30,42.442,49.84,57.841,19.972,22.542,24.274,27.298,54.771,,,461224,252673,0,79,1,1,332.051,332.051,22.859,22.859,104.64,89.684,"statement prepare, full ordered result drain and GlobalSearchResult mapping; excludes pool checkout, remaining tiers and Repository Snapshot"
38059974375,bbd53469fd2b0cbbbabcd82dffde0dbfdb220b3e,key_only_cte_sql_paired,hit_scale_25000,scale25000 ,name_prefix,25000,80,5,30,107.541,130.627,137.825,49.103,61.68,78.645,68.947,52.782,,,1151224,627673,0,79,1,1,332.199,332.199,22.977,22.977,100.18,99.512,"statement prepare, full ordered result drain and GlobalSearchResult mapping; excludes pool checkout, remaining tiers and Repository Snapshot"
